{"stats":{"minecraft:custom":{"minecraft:time_since_rest":12858,"minecraft:play_time":12858,"minecraft:sprint_one_cm":42435,"minecraft:damage_taken":180,"minecraft:walk_one_cm":26811,"minecraft:walk_under_water_one_cm":264,"minecraft:mob_kills":1,"minecraft:jump":211,"minecraft:damage_dealt":20,"minecraft:walk_on_water_one_cm":1017,"minecraft:time_since_death":12858,"minecraft:total_world_time":12858,"minecraft:swim_one_cm":616,"minecraft:interact_with_crafting_table":3,"minecraft:fall_one_cm":6372,"minecraft:fly_one_cm":56996},"minecraft:broken":{"minecraft:wooden_axe":1,"minecraft:wooden_pickaxe":1},"minecraft:picked_up":{"minecraft:crafting_table":1,"minecraft:wheat_seeds":1,"minecraft:oak_log":57,"alexsmobs:maggot":1,"minecraft:oak_sapling":2,"minecraft:cobblestone":63,"minecraft:egg":2},"minecraft:mined":{"minecraft:grass":3,"minecraft:oak_log":59,"minecraft:tall_grass":2,"minecraft:stone":64,"minecraft:crafting_table":1,"minecraft:oak_leaves":11},"minecraft:crafted":{"minecraft:oak_planks":204,"minecraft:crafting_table":2,"minecraft:stick":8,"minecraft:stone_pickaxe":1,"minecraft:wooden_pickaxe":1,"minecraft:wooden_axe":1},"minecraft:killed":{"alexsmobs:fly":1},"minecraft:used":{"minecraft:oak_log":6,"alexsmobs:maggot":1,"minecraft:wooden_axe":60,"minecraft:crafting_table":2,"minecraft:stone_pickaxe":6,"minecraft:wooden_pickaxe":59}},"DataVersion":3465}