{"stats":{"minecraft:custom":{"minecraft:interact_with_furnace":1,"minecraft:time_since_rest":17152,"minecraft:play_time":17152,"minecraft:sprint_one_cm":30794,"minecraft:damage_taken":90,"minecraft:walk_one_cm":41456,"minecraft:sneak_time":1,"minecraft:mob_kills":1,"minecraft:jump":208,"minecraft:damage_dealt":111,"minecraft:time_since_death":17152,"minecraft:total_world_time":17152,"minecraft:interact_with_crafting_table":5,"minecraft:fall_one_cm":5827,"minecraft:fly_one_cm":44854},"minecraft:picked_up":{"minecraft:raw_iron":1,"minecraft:stick":2,"minecraft:feather":2,"minecraft:chicken":1,"minecraft:oak_log":15,"minecraft:oak_sapling":1,"minecraft:dirt":17,"minecraft:cobblestone":77},"minecraft:mined":{"minecraft:grass":17,"minecraft:grass_block":8,"minecraft:oak_log":15,"minecraft:dirt":9,"minecraft:iron_ore":1,"minecraft:stone":76,"minecraft:oak_leaves":5},"minecraft:killed":{"minecraft:chicken":1},"minecraft:used":{"minecraft:stone_sword":2,"minecraft:crafting_table":1,"minecraft:furnace":1,"minecraft:stone_pickaxe":68,"minecraft:wooden_pickaxe":23},"minecraft:crafted":{"minecraft:stone_sword":1,"minecraft:furnace":1,"minecraft:oak_planks":60,"minecraft:crafting_table":1,"minecraft:stick":8,"minecraft:stone_pickaxe":1,"minecraft:wooden_pickaxe":1}},"DataVersion":3465}