{"stats":{"minecraft:custom":{"minecraft:open_chest":2,"minecraft:time_since_rest":7858,"minecraft:play_time":7858,"minecraft:sprint_one_cm":17421,"minecraft:damage_taken":10,"minecraft:walk_one_cm":26413,"minecraft:jump":93,"minecraft:time_since_death":7858,"minecraft:total_world_time":7858,"minecraft:fall_one_cm":2483,"minecraft:interact_with_crafting_table":2,"minecraft:fly_one_cm":24797},"minecraft:mined":{"minecraft:oak_log":6,"minecraft:iron_bars":2,"minecraft:dirt":1,"minecraft:stone":8,"minecraft:oak_leaves":1,"minecraft:crafting_table":2},"minecraft:picked_up":{"minecraft:crafting_table":2,"minecraft:oak_log":8,"minecraft:iron_bars":2,"minecraft:cobblestone":7},"minecraft:crafted":{"minecraft:oak_planks":24,"minecraft:stone_axe":1,"minecraft:crafting_table":1,"minecraft:stick":8,"minecraft:wooden_pickaxe":2,"minecraft:stone_pickaxe":1},"minecraft:used":{"minecraft:stone_axe":1,"minecraft:iron_bars":1,"minecraft:crafting_table":2,"minecraft:stone_pickaxe":2,"alexsmobs:animal_dictionary":1,"minecraft:wooden_pickaxe":10}},"DataVersion":3465}